"","time_in_hospital","n_lab_procedures","n_procedures","n_medications"
"time_in_hospital",1,0.328245446287426,0.179301944690058,0.449424397807962
"n_lab_procedures",0.328245446287426,1,0.048835173009844,0.271710119248075
"n_procedures",0.179301944690058,0.048835173009844,1,0.368664516298359
"n_medications",0.449424397807962,0.271710119248075,0.368664516298359,1
