"Metric","Value","Percentage"
"Accuracy",0.607762069885303,60.7762069885303
"Precision",0.587112171837709,58.7112171837709
"Recall (Sensitivity)",0.558297872340425,55.8297872340425
"Specificity",0.651648628240624,65.1648628240624
"F1-Score",0.572342591246183,57.2342591246183
