"Variable","Importance","Importance_Percent"
"total_previous_visits",381.993351099831,42.3175143647585
"n_inpatient",287.575582899898,31.8578420940626
"n_outpatient",139.225386577623,15.4234943605022
"n_emergency",93.2171353387945,10.3266652479251
"time_in_hospital",0.480253144455405,0.0532028091083207
"n_medications",0.192101257782162,0.0212811236433283
